model_name,threshold,precision,recall,f1,predicted_positive_rate,predicted_positive_customers
behavioral_only,0.05,0.29195751356485944,0.9995319044099532,0.4519136517554803,0.9372099924463149,138962
behavioral_only,0.06,0.29224142277798987,0.9995319044099532,0.45225368833499613,0.9362995036149778,138827
behavioral_only,0.07,0.2925587533261702,0.9995072677999507,0.4526310504677485,0.9352608719110823,138673
behavioral_only,0.08,0.2929856245033591,0.9992116284799212,0.4531113842028824,0.9336219920146758,138430
behavioral_only,0.09,0.2936676398356962,0.9986942596698695,0.45387315467426537,0.930971457861228,138037
behavioral_only,0.1,0.29466117602549363,0.9977827050997783,0.4549641645509897,0.926985540088486,137446
behavioral_only,0.11,0.29615066376703353,0.9964276915496427,0.45659548766926883,0.9210707348656523,136569
behavioral_only,0.12,0.2982308340353833,0.9942350332594235,0.4588307524387748,0.9126335383619294,135318
behavioral_only,0.13,0.3011913765603588,0.9909337275190934,0.4619687250549867,0.9006622963202763,133543
behavioral_only,0.14,0.3051006332924348,0.9863266814486327,0.46604077784050896,0.8849883996978526,131219
behavioral_only,0.15,0.30967089395471875,0.9805863513180586,0.4706953642384106,0.8668528110499623,128530
behavioral_only,0.16,0.3153529289671579,0.973220004927322,0.47635298089909317,0.8448392144167476,125266
behavioral_only,0.17,0.3213160227160818,0.9645971914264597,0.48205513352458107,0.8218139635264918,121852
behavioral_only,0.18,0.327437296451381,0.9536338999753634,0.4874909480180095,0.7972847199741017,118215
behavioral_only,0.19,0.33379283869616805,0.9425474254742547,0.4929964047781658,0.7730117621668285,114616
behavioral_only,0.2,0.3405408818647615,0.9300566642030057,0.49854073399099347,0.7476529621236646,110856
behavioral_only,0.21,0.34794913364133034,0.9147573293914757,0.5041377858941894,0.7196975828207618,106711
behavioral_only,0.22,0.35529480500511224,0.8989159891598916,0.5092926684579684,0.6926122261789144,102695
behavioral_only,0.23,0.3629135311656964,0.8815964523281596,0.5141674808897063,0.6650075536851192,98602
behavioral_only,0.24,0.3715900790752326,0.8648189209164819,0.5198249627934872,0.6371196179993526,94467
behavioral_only,0.25,0.3794437566324726,0.8456762749445677,0.5238451325407847,0.610121938059782,90464
behavioral_only,0.26,0.38706139084852614,0.8258930771125893,0.5270953387998333,0.5841224236538254,86609
behavioral_only,0.27,0.39442250323079336,0.8045577728504558,0.5293426373929182,0.5584129168015539,82797
behavioral_only,0.28,0.40164824069867233,0.784060113328406,0.5311868876537646,0.5343962447393978,79236
behavioral_only,0.29,0.40847748580483295,0.7621088938162109,0.5318775790921596,0.5107505125714903,75730
behavioral_only,0.3,0.415560008291301,0.7408721359940872,0.5324598291354964,0.48805573540520125,72365
behavioral_only,0.31,0.42215083637205536,0.7187484602118749,0.5318966617440609,0.4660893493039819,69108
behavioral_only,0.32,0.42895104470359574,0.695959595959596,0.5307667737632227,0.44415668501133054,65856
behavioral_only,0.33,0.4356473452242677,0.6745503818674551,0.5293941356741655,0.423876389338513,62849
behavioral_only,0.34,0.44228523769808176,0.653239714215324,0.527451760493336,0.4043244847307651,59950
behavioral_only,0.35,0.44845180068029594,0.6301305740330131,0.5239900024584119,0.3846579259738858,57034
behavioral_only,0.36,0.4542525773195876,0.6079083518107908,0.5199662838478558,0.36635372828315527,54320
behavioral_only,0.37,0.46045257993833744,0.5850209411185021,0.5153155890235566,0.3478134779324485,51571
behavioral_only,0.38,0.4667988309591449,0.56270017245627,0.5102827332745004,0.32999487428509766,48929
behavioral_only,0.39,0.47265052976139205,0.5407243163340725,0.5044009836140924,0.31318118053307437,46436
behavioral_only,0.4,0.48020387730954767,0.5199310174919931,0.49927843100144315,0.2964012085896191,43948
behavioral_only,0.41,0.48725294301740535,0.4986449864498645,0.49288314724396987,0.2801540412215388,41539
behavioral_only,0.42,0.4945404566163557,0.4786893323478689,0.48648580978730327,0.2649792273659221,39289
behavioral_only,0.43,0.5000539141686435,0.4570091155457009,0.47756352495945215,0.250188842127981,37096
behavioral_only,0.44,0.5067507778380385,0.43737373737373736,0.4695132433254433,0.2362752239128089,35033
behavioral_only,0.45,0.5140172753447492,0.4178369056417837,0.46096351158524157,0.22253021474047696,32995
behavioral_only,0.46,0.5206361470607173,0.3984232569598423,0.451404008262156,0.2094933635480738,31062
behavioral_only,0.47,0.5275885792913657,0.37785168760778515,0.4403387884008039,0.19605859501456782,29070
behavioral_only,0.48,0.5362324150058617,0.3606060606060606,0.43122293256341515,0.18409409733462825,27296
behavioral_only,0.49,0.5440647482014388,0.3428184281842818,0.42060877187679474,0.1724937951872235,25576
behavioral_only,0.5,0.5500417014178482,0.32495688593249566,0.4085488617004801,0.16172979389230605,23980
behavioral_only,0.51,0.5569270531616238,0.30790835181079085,0.39656676873284574,0.1513502212150642,22441
behavioral_only,0.52,0.5638886240106799,0.29137718649913774,0.3842180495094536,0.14145624258120212,20974
behavioral_only,0.53,0.5715673244044577,0.2754619364375462,0.37175821252826174,0.13193320384158844,19562
behavioral_only,0.54,0.5803040317250495,0.25957132298595714,0.35869676233275455,0.12245063127225639,18156
behavioral_only,0.55,0.5882665094339623,0.24579945799457995,0.3467245873153779,0.11438437466278191,16960
behavioral_only,0.56,0.5950183335440637,0.231879773343188,0.333711530279393,0.10668231358584224,15818
behavioral_only,0.57,0.6015401390213984,0.21746735649174673,0.31944846554719164,0.09896676378547534,14674
behavioral_only,0.58,0.6099034706359148,0.20391722099039172,0.3056442827865069,0.09152773281536636,13571
behavioral_only,0.59,0.6185123176273619,0.19113082039911308,0.29202190728925526,0.08459452897377792,12543
behavioral_only,0.6,0.6250647780272931,0.17829514658782952,0.27744977764146606,0.07808621992014676,11578
behavioral_only,0.61,0.6322043413173652,0.16646957378664695,0.263543819961777,0.07208373799503615,10688
behavioral_only,0.62,0.6391636919938807,0.15439763488543976,0.248715150312531,0.06612846660192079,9805
behavioral_only,0.63,0.6484687083888149,0.14397634885439764,0.2356356598524253,0.060780187763030104,9012
behavioral_only,0.64,0.6561173760155208,0.13330869672333087,0.2215942830231177,0.05562075105212043,8247
behavioral_only,0.65,0.660884533898305,0.12296132052229614,0.2073449378920693,0.05093341966116327,7552
behavioral_only,0.66,0.6675350991460414,0.1136240453313624,0.19419356196972568,0.04659679507931369,6909
behavioral_only,0.67,0.6740693401501837,0.10394185760039419,0.18011056799504793,0.042212959965468866,6259
behavioral_only,0.68,0.67920197740113,0.0947770386794777,0.16634237038958793,0.03820006474587245,5664
behavioral_only,0.69,0.6843558887354508,0.08546440009854644,0.1519525175759434,0.03418716952627603,5069
behavioral_only,0.7,0.6867575890893093,0.07691549642769155,0.13833746898263027,0.03065986835005935,4546
behavioral_only,0.71,0.6902677007755816,0.06797240699679724,0.12375804606723934,0.026957213769288873,3997
behavioral_only,0.72,0.6938948558507632,0.06048287755604829,0.11126722262509064,0.023861551742743067,3538
behavioral_only,0.73,0.6948876587430804,0.05257452574525745,0.097753143537711,0.020711934822488398,3071
behavioral_only,0.74,0.7017742544356361,0.04579945799457995,0.08598718749277273,0.017865814179346066,2649
behavioral_only,0.75,0.703442188879082,0.03927075634392708,0.07438865036400971,0.015282723643034422,2266
behavioral_only,0.76,0.7039917055469155,0.03345651638334565,0.06387732543098379,0.013009873745548722,1929
behavioral_only,0.77,0.7046894803548795,0.02739591032273959,0.052741415291216086,0.010642602784072515,1578
behavioral_only,0.78,0.7148318042813455,0.023035230352303523,0.044632202014415964,0.00882162512139851,1308
behavioral_only,0.79,0.7138783269961977,0.01850209411185021,0.03606935305700975,0.0070950685227150105,1052
behavioral_only,0.8,0.7182741116751269,0.013944321261394433,0.02735753298854464,0.00531455703032265,788
behavioral_only,0.81,0.7334494773519163,0.0103720128110372,0.020454766300651055,0.0038712636236106616,574
behavioral_only,0.82,0.738498789346247,0.007514166050751417,0.01487696022242275,0.0027854213877198664,413
behavioral_only,0.83,0.7442748091603053,0.004804138950480414,0.009546656222461569,0.001767022768965145,262
behavioral_only,0.84,0.7448275862068966,0.0026607538802660754,0.005302565361482755,0.0009779324484730765,145
behavioral_only,0.85,0.7017543859649122,0.0009854644000985464,0.00196816493222132,0.0003844286176756232,57
behavioral_only,0.86,0.625,0.0002463661000246366,0.0004925380485642516,0.00010790978741771878,16
behavioral_only,0.87,0.8,9.854644000985464e-05,0.00019706860450794433,3.372180856803712e-05,5
behavioral_only,0.88,0.8,9.854644000985464e-05,0.00019706860450794433,3.372180856803712e-05,5
behavioral_only,0.89,0.75,7.390983000739098e-05,0.00014780509434891856,2.6977446854429696e-05,4
behavioral_only,0.9,1.0,4.927322000492732e-05,9.854158454867954e-05,1.3488723427214848e-05,2
behavioral_only,0.91,1.0,2.463661000246366e-05,4.9272006109728756e-05,6.744361713607424e-06,1
behavioral_only,0.92,0.0,0.0,0.0,0.0,0
behavioral_only,0.93,0.0,0.0,0.0,0.0,0
behavioral_only,0.94,0.0,0.0,0.0,0.0,0
behavioral_only,0.95,0.0,0.0,0.0,0.0,0
behavioral_plus_channel,0.05,0.2919848289660235,0.9995319044099532,0.45194637376837343,0.937122315744038,138949
behavioral_plus_channel,0.06,0.29226036969269115,0.9995319044099532,0.45227637563542317,0.9362388043595554,138818
behavioral_plus_channel,0.07,0.2925497775245733,0.9994333579699434,0.4526127292100169,0.9352204057408007,138667
behavioral_plus_channel,0.08,0.2930274566473988,0.9991377186499137,0.45315380747527795,0.9334196611632675,138400
behavioral_plus_channel,0.09,0.2937702019103941,0.9986449864498645,0.45399054723024884,0.9306005179669796,137982
behavioral_plus_channel,0.1,0.2947989924139839,0.997610248829761,0.45511048171375906,0.9263920362576886,137358
behavioral_plus_channel,0.11,0.29635139195239735,0.9963291451096329,0.4568236629709748,0.9203558325240099,136463
behavioral_plus_channel,0.12,0.2985928205735255,0.9943089430894309,0.4592669299134017,0.9115949066580339,135164
behavioral_plus_channel,0.13,0.30161635102193884,0.9907119980290712,0.4624442975016531,0.8991920254667098,133325
behavioral_plus_channel,0.14,0.3054813344530117,0.9858339492485834,0.46642965380580487,0.8834439408654365,130990
behavioral_plus_channel,0.15,0.3105192493833328,0.9800443458980045,0.471611993028963,0.8640066904068199,128108
behavioral_plus_channel,0.16,0.315856,0.9727026361172703,0.47686454496044445,0.843045214200928,125000
behavioral_plus_channel,0.17,0.3216130411896302,0.9633653609263365,0.482235130168831,0.8200064745872451,121584
behavioral_plus_channel,0.18,0.3279134168339219,0.9539541759053954,0.48806035053222663,0.7963944642279055,118083
behavioral_plus_channel,0.19,0.33395046634296294,0.9421039664942104,0.4931075835923094,0.7722833711017589,114508
behavioral_plus_channel,0.2,0.34105280298164514,0.9288248337028825,0.49891155472332316,0.7455419769073055,110543
behavioral_plus_channel,0.21,0.3481498152628519,0.9146587829514659,0.5043334148395685,0.7192052444156685,106638
behavioral_plus_channel,0.22,0.3559814396007175,0.899679724069968,0.5101205526143014,0.691863602028704,102584
behavioral_plus_channel,0.23,0.3635994806880883,0.8831731953683173,0.515124082137058,0.6649401100679831,98592
behavioral_plus_channel,0.24,0.3712588144498832,0.8651638334565164,0.5195629498664733,0.6379424301284127,94589
behavioral_plus_channel,0.25,0.3790292333149476,0.8464892830746489,0.5236056080463274,0.611376389338513,90650
behavioral_plus_channel,0.26,0.3870967741935484,0.8269031781226903,0.5273337156413741,0.5847833711017589,86707
behavioral_plus_channel,0.27,0.3948174038809208,0.8070460704607046,0.5302363224344449,0.559579691378008,82970
behavioral_plus_channel,0.28,0.40153497735279314,0.7862527716186253,0.5315899058882319,0.536041868997518,79480
behavioral_plus_channel,0.29,0.4086272339079551,0.7638580931263859,0.5324300654268198,0.511735189381677,75876
behavioral_plus_channel,0.3,0.4152595026716556,0.740970682434097,0.5322385127901113,0.4884738858314449,72427
behavioral_plus_channel,0.31,0.4222626840652592,0.7199063808819907,0.532302283429425,0.46671657494334734,69201
behavioral_plus_channel,0.32,0.42870957993351466,0.6989898989898989,0.5314601479816428,0.4463418582065393,66180
behavioral_plus_channel,0.33,0.43562146847944794,0.6780734170978073,0.5304564859161037,0.42611551742743065,63181
behavioral_plus_channel,0.34,0.44211679559111583,0.6561714708056171,0.5282846715328468,0.40629383835113847,60242
behavioral_plus_channel,0.35,0.4482553978809935,0.6326927814732692,0.5247392241599493,0.38639122693428296,57291
behavioral_plus_channel,0.36,0.45503267014169296,0.6107908351810791,0.5215305972190083,0.3674598036041869,54484
behavioral_plus_channel,0.37,0.46096281438049685,0.5888149790588815,0.5171033557627815,0.3496816661271177,51848
behavioral_plus_channel,0.38,0.4667860631716053,0.5650652870165065,0.5112453469451441,0.33139095715981437,49136
behavioral_plus_channel,0.39,0.4741968778222165,0.5433111603843311,0.506406723615321,0.3136532858530269,46506
behavioral_plus_channel,0.4,0.4812243323576793,0.5225178615422518,0.5010216977900618,0.29724425380382,44073
behavioral_plus_channel,0.41,0.4875296485301517,0.501330376940133,0.49433370987136976,0.28150291356426027,41739
behavioral_plus_channel,0.42,0.49423510630210576,0.4805124414880512,0.4872771788689993,0.2661527463040898,39463
behavioral_plus_channel,0.43,0.5005089194835807,0.460359694506036,0.4795955033109183,0.2517940002158196,37334
behavioral_plus_channel,0.44,0.5068061936362089,0.4402808573540281,0.47120708748615725,0.237819682745225,35262
behavioral_plus_channel,0.45,0.5139705217469934,0.42010347376201035,0.46232054983935905,0.2237576885723535,33177
behavioral_plus_channel,0.46,0.5208306586211323,0.39977827050997783,0.45234577537423687,0.21012733354915292,31156
behavioral_plus_channel,0.47,0.5284358571721172,0.38137472283813745,0.44301986148474615,0.1975693320384159,29294
behavioral_plus_channel,0.48,0.5361474305277343,0.36267553584626755,0.43267153585022117,0.18517993957051904,27457
behavioral_plus_channel,0.49,0.5425995024875622,0.34392707563439273,0.42100183962121895,0.17351893816769182,25728
behavioral_plus_channel,0.5,0.549472021285441,0.3256220744025622,0.40891652744260876,0.16222887665911298,24054
behavioral_plus_channel,0.51,0.5578152753108349,0.3094850948509485,0.3980985580732055,0.1518830257904392,22520
behavioral_plus_channel,0.52,0.5663330645543803,0.29416112342941614,0.38720347639972114,0.14219137800798531,21083
behavioral_plus_channel,0.53,0.5731071157255001,0.2787878787878788,0.3751056600646391,0.1331674220351786,19745
behavioral_plus_channel,0.54,0.5792957517226413,0.2630450849963045,0.3618034258992562,0.12430533074349844,18431
behavioral_plus_channel,0.55,0.5868732590529248,0.249150036954915,0.3497976548718481,0.11621884104888314,17232
behavioral_plus_channel,0.56,0.5944545057141073,0.2345158906134516,0.33634259668215466,0.10799746411999568,16013
behavioral_plus_channel,0.57,0.6040992448759439,0.2207440256220744,0.3233373028761142,0.10003237293622531,14832
behavioral_plus_channel,0.58,0.6123177842565598,0.2069721606306972,0.30937212299760636,0.09253264271069386,13720
behavioral_plus_channel,0.59,0.6187440982058546,0.19371766444937177,0.29505797590903976,0.08570734865652314,12708
behavioral_plus_channel,0.6,0.6244336154569547,0.17994579945799458,0.2793811081148278,0.07888879896406605,11697
behavioral_plus_channel,0.61,0.631578947368421,0.16821877309682187,0.2656757650629365,0.07291329448580987,10811
behavioral_plus_channel,0.62,0.6397397397397397,0.15745257452574526,0.25270858046658756,0.06737617351893817,9990
behavioral_plus_channel,0.63,0.6467444650452612,0.1460950973146095,0.2383488414156233,0.061839052552066474,9169
behavioral_plus_channel,0.64,0.6526740187359185,0.13559990145356,0.22454766130183793,0.05687520233085141,8433
behavioral_plus_channel,0.65,0.6608537220197813,0.12510470559251047,0.2103824004640179,0.051823675407359444,7684
behavioral_plus_channel,0.66,0.6679988581216101,0.11529933481152993,0.19665518110765612,0.04725099816553362,7006
behavioral_plus_channel,0.67,0.6736875196479095,0.10559251047055924,0.18256943261202932,0.04290762922197043,6362
behavioral_plus_channel,0.68,0.6806620209059233,0.09625523527962553,0.16865961579969782,0.038712636236106615,5740
behavioral_plus_channel,0.69,0.683762337913683,0.08704114313870412,0.1544244596455187,0.03484811697420956,5167
behavioral_plus_channel,0.7,0.6881930854533594,0.07797487065779748,0.1400783376485428,0.031017319520880545,4599
behavioral_plus_channel,0.71,0.6958110082805651,0.07038679477703869,0.1278414175765169,0.027692349196072084,4106
behavioral_plus_channel,0.72,0.6988183566913987,0.06265089923626509,0.11499242578398788,0.024542732275817415,3639
behavioral_plus_channel,0.73,0.701743264659271,0.05454545454545454,0.10122299691393302,0.021278461206431423,3155
behavioral_plus_channel,0.74,0.7007959479015919,0.047721113574772114,0.08935738340176223,0.01864141577641092,2764
behavioral_plus_channel,0.75,0.704225352112676,0.04065040650406504,0.07686395080707148,0.015802039494982194,2343
behavioral_plus_channel,0.76,0.7071320182094082,0.034441980783444195,0.06568468531961379,0.013333603107801878,1977
behavioral_plus_channel,0.77,0.7136672850958565,0.028430647942843064,0.05468287250929941,0.010905632890903206,1617
behavioral_plus_channel,0.78,0.7166666666666667,0.023306233062330622,0.04514435695538058,0.0089025574619618,1320
behavioral_plus_channel,0.79,0.7276119402985075,0.019216555801921657,0.03744419374969997,0.0072299557569871584,1072
behavioral_plus_channel,0.8,0.7312206572769953,0.015348608031534861,0.03006611650016891,0.005746196179993526,852
behavioral_plus_channel,0.81,0.7160883280757098,0.011185020941118503,0.022026004269357656,0.0042759253264271066,634
behavioral_plus_channel,0.82,0.7380410022779044,0.007982261640798226,0.015793706890248362,0.0029607747922736592,439
behavioral_plus_channel,0.83,0.7524752475247525,0.005617147080561715,0.011151052747413983,0.0020435415992230495,303
behavioral_plus_channel,0.84,0.7485380116959064,0.0031534860803153486,0.0062805132356909795,0.0011532858530268696,171
behavioral_plus_channel,0.85,0.7209302325581395,0.001527469820152747,0.003048480676566034,0.0005800151073702385,86
behavioral_plus_channel,0.86,0.7352941176470589,0.0006159152500615915,0.0012307995273729815,0.00022930829826265243,34
behavioral_plus_channel,0.87,0.6666666666666666,0.00014781966001478197,0.0002955737826054829,6.069925542246682e-05,9
behavioral_plus_channel,0.88,0.75,7.390983000739098e-05,0.00014780509434891856,2.6977446854429696e-05,4
behavioral_plus_channel,0.89,0.75,7.390983000739098e-05,0.00014780509434891856,2.6977446854429696e-05,4
behavioral_plus_channel,0.9,1.0,4.927322000492732e-05,9.854158454867954e-05,1.3488723427214848e-05,2
behavioral_plus_channel,0.91,1.0,2.463661000246366e-05,4.9272006109728756e-05,6.744361713607424e-06,1
behavioral_plus_channel,0.92,0.0,0.0,0.0,0.0,0
behavioral_plus_channel,0.93,0.0,0.0,0.0,0.0,0
behavioral_plus_channel,0.94,0.0,0.0,0.0,0.0,0
behavioral_plus_channel,0.95,0.0,0.0,0.0,0.0,0
